{"loss": [4.795817852020264, 4.103677272796631, 3.5250580310821533, 2.944643497467041, 2.486678123474121, 2.150120973587036, 1.8452508449554443, 1.6126285791397095, 1.4100341796875, 1.2671148777008057, 1.0765599012374878, 1.0561031103134155, 0.8900083899497986, 0.8307888507843018, 0.7432088255882263, 0.674966037273407, 0.730028510093689, 0.6202555298805237, 0.5830515027046204, 0.5016068816184998, 0.5524141788482666, 0.4628709852695465, 0.5087577700614929, 0.44701385498046875, 0.4138185977935791, 0.3712933659553528, 0.39147117733955383, 0.4143054187297821, 0.3651876747608185, 0.3466399013996124, 0.32029014825820923, 0.34081241488456726, 0.30012524127960205, 0.309665709733963, 0.3490477502346039, 0.32961153984069824, 0.3258763253688812, 0.26589056849479675, 0.25312739610671997, 0.2616976797580719, 0.28053954243659973, 0.23986031115055084, 0.27497994899749756, 0.2913172245025635, 0.20565877854824066, 0.2303583025932312, 0.25575676560401917, 0.23253847658634186, 0.22385309636592865, 0.22718952596187592, 0.19609272480010986, 0.20666219294071198, 0.19713880121707916, 0.21322715282440186, 0.1461361199617386, 0.2271524965763092, 0.16357995569705963, 0.21903394162654877, 0.15650376677513123, 0.18576976656913757, 0.1665901243686676, 0.23843057453632355, 0.18604181706905365, 0.20661590993404388, 0.1665031760931015, 0.18328477442264557, 0.16054219007492065, 0.16115112602710724, 0.1419510394334793, 0.15334586799144745, 0.16451704502105713, 0.16152143478393555, 0.14918479323387146, 0.19598764181137085, 0.11828657984733582, 0.1530190110206604, 0.14310652017593384, 0.12319357693195343, 0.15861956775188446, 0.12085705995559692, 0.1745043694972992, 0.1378559023141861, 0.15544411540031433, 0.1401773989200592, 0.11300554871559143, 0.14019538462162018, 0.16842621564865112, 0.1315205693244934, 0.1111902967095375, 0.12477336823940277, 0.12101027369499207, 0.16162633895874023, 0.1346166729927063, 0.12288203835487366, 0.09746067225933075, 0.15998037159442902, 0.0891735777258873, 0.15066038072109222, 0.1343548744916916, 0.13274292647838593], "accuracy": [0.019999999552965164, 0.06499999761581421, 0.1368750035762787, 0.22562499344348907, 0.31187498569488525, 0.3725000023841858, 0.45379745960235596, 0.5137500166893005, 0.5687500238418579, 0.6006249785423279, 0.6625000238418579, 0.6637499928474426, 0.7237499952316284, 0.7537500262260437, 0.7562500238418579, 0.7981250286102295, 0.7743750214576721, 0.8025000095367432, 0.8106250166893005, 0.8381249904632568, 0.8287500143051147, 0.8500000238418579, 0.8500000238418579, 0.8525000214576721, 0.8675000071525574, 0.8799999952316284, 0.8725000023841858, 0.8725000023841858, 0.8881250023841858, 0.8949999809265137, 0.8993750214576721, 0.8943750262260437, 0.9018750190734863, 0.8999999761581421, 0.8931249976158142, 0.8999999761581421, 0.8987500071525574, 0.918749988079071, 0.9256250262260437, 0.9200000166893005, 0.90625, 0.925000011920929, 0.9137499928474426, 0.9081249833106995, 0.9300000071525574, 0.9312499761581421, 0.9318749904632568, 0.9312499761581421, 0.9375, 0.9318749904632568, 0.9337499737739563, 0.9368749856948853, 0.9375, 0.9356250166893005, 0.9574999809265137, 0.9300000071525574, 0.9474999904632568, 0.9287499785423279, 0.9537500143051147, 0.9368749856948853, 0.9474999904632568, 0.9393749833106995, 0.9430379867553711, 0.9387500286102295, 0.949999988079071, 0.949999988079071, 0.949999988079071, 0.9518749713897705, 0.949999988079071, 0.9474999904632568, 0.9512500166893005, 0.9518749713897705, 0.9549999833106995, 0.9375, 0.9568750262260437, 0.9537500143051147, 0.9518749713897705, 0.9587500095367432, 0.9487500190734863, 0.9662500023841858, 0.9462500214576721, 0.9606249928474426, 0.9537500143051147, 0.9599999785423279, 0.9612500071525574, 0.9556249976158142, 0.9524999856948853, 0.9556249976158142, 0.9662500023841858, 0.9556249976158142, 0.9612500071525574, 0.9549999833106995, 0.9587500095367432, 0.96875, 0.9662500023841858, 0.9556962251663208, 0.96875, 0.9537500143051147, 0.9637500047683716, 0.9582278728485107], "val_loss": [4.4097065925598145, 3.917219877243042, 2.847371816635132, 2.3597447872161865, 2.0558974742889404, 1.840416669845581, 1.153331995010376, 1.3501098155975342, 0.9238021373748779, 0.7579836249351501, 1.007956624031067, 0.7592018246650696, 0.6193723082542419, 0.7726309895515442, 0.5290209054946899, 0.4549177587032318, 0.6038339138031006, 0.4485642910003662, 0.3501226305961609, 0.34710556268692017, 0.46460381150245667, 0.3858480453491211, 0.28690361976623535, 0.5583928823471069, 0.2713679373264313, 0.5000159740447998, 0.3986203372478485, 0.2563934326171875, 0.215360626578331, 0.5082985162734985, 0.2899632155895233, 0.23131908476352692, 0.2947095036506653, 0.36019858717918396, 0.19048015773296356, 0.2005818486213684, 0.14156530797481537, 0.21892395615577698, 0.36583030223846436, 0.23110273480415344, 0.3505602777004242, 0.2768189013004303, 0.18646156787872314, 0.2692694067955017, 0.20482449233531952, 0.3599846661090851, 0.30504775047302246, 0.1889057159423828, 0.15690724551677704, 0.20321187376976013, 0.18657049536705017, 0.1349598467350006, 0.1768389642238617, 0.16517332196235657, 0.21892614662647247, 0.2041643112897873, 0.2126091718673706, 0.31186312437057495, 0.16952280700206757, 0.18457067012786865, 0.13272827863693237, 0.17136125266551971, 0.15976718068122864, 0.24867723882198334, 0.13105076551437378, 0.17630408704280853, 0.2387954592704773, 0.15212513506412506, 0.18839605152606964, 0.13623034954071045, 0.19760356843471527, 0.1590861678123474, 0.2075962871313095, 0.19961652159690857, 0.1696506291627884, 0.17901092767715454, 0.11115919053554535, 0.18024477362632751, 0.169422447681427, 0.17589181661605835, 0.162419393658638, 0.12040971964597702, 0.14264842867851257, 0.16681908071041107, 0.1135716512799263, 0.13597674667835236, 0.11684679985046387, 0.21911729872226715, 0.08279524743556976, 0.12624143064022064, 0.16303704679012299, 0.21064363420009613, 0.1396150141954422, 0.14554673433303833, 0.299299955368042, 0.1359093189239502, 0.17451375722885132, 0.16427944600582123, 0.10397428274154663, 0.1286511868238449],